{"cameraMode":{"drawMode":0,"name":"Shaded","section":"Shading Mode"},"sceneLighting":false,"audioPlay":false,"sceneViewState":{"showFog":true,"showMaterialUpdate":false,"showSkybox":false,"showFlares":true,"showImageEffects":true,"showParticleSystems":true},"in2DMode":false,"pivot":{"x":-2.086162567138672e-7,"y":0.26842451095581057,"z":0.021861761808395387},"rotation":{"x":-0.17462751269340516,"y":0.6138989329338074,"z":-0.14167582988739015,"w":-0.7566798329353333},"size":0.4632872939109802,"orthographic":false}