{"cameraMode":{"drawMode":0,"name":"Shaded","section":"Shading Mode"},"sceneLighting":false,"audioPlay":false,"sceneViewState":{"showFog":true,"showMaterialUpdate":false,"showSkybox":false,"showFlares":true,"showImageEffects":true,"showParticleSystems":true},"in2DMode":false,"pivot":{"x":0.0,"y":1.4660522937774659,"z":0.026229381561279298},"rotation":{"x":-0.17462751269340516,"y":0.6138989329338074,"z":-0.14167582988739015,"w":-0.7566798329353333},"size":2.673480272293091,"orthographic":false}