{"cameraMode":{"drawMode":0,"name":"Shaded","section":"Shading Mode"},"sceneLighting":false,"audioPlay":false,"sceneViewState":{"showFog":true,"showMaterialUpdate":false,"showSkybox":false,"showFlares":true,"showImageEffects":true,"showParticleSystems":true},"in2DMode":false,"pivot":{"x":0.0,"y":1.831558108329773,"z":0.43370920419692995},"rotation":{"x":-0.17462751269340516,"y":0.6138989329338074,"z":-0.14167582988739015,"w":-0.7566798329353333},"size":2.8945939540863039,"orthographic":false}